Morning, Morrion, Morris, Morrison, Morrow, Moses, Mosier, Mosley, Motino, Moye, Mozella, Msambilwa, Muhammad, Multiple, Murphy, Muze, Mychelle, Mykayla, Myla, Myra, Myriellie, Myrna, NA, Na, NA, NAP, NAUMAN, NC, NECHELLE, NEVADA, NEW, NGWOBIE, NICHOLE, NICOLE, NOBEL, NORTH, NOVO, NUR, NURSING, NV, Na, NaTasha, Nachelle, Nacole, Nadeya, Nakeia, Nalyanya, Name, NameTriCities, Nana, Nancy, Nankap, Naomi, Nash, Natacha, Natalie, Nataliya, Natasha, Nathanial, Nattasha, Navarro, Ndikintum, Neal, Nechelle, Nedra, Neighborhood, Neil, Nellie, Nelly, Nelson, Nest, Network, Networking, Nevada, New, Newton, Ng, Nganga, Nicho, Nichoilia, Nichole, Nicholina, Nick, Nickolas, Nicole, Nightingale, Niki, Nikki, Nina, Niroula, Niya, Nkeiruka, Noble, Noltemeyer, Nomsa, Nonna, Norma, Norman, North, Northeast, Nothdurft, Nubia, Nunez, Nurses, Nursing, Nweke, Nwokike, Nyakeh, Nyora, Nzeribe, Nzinga, ODELIA, ODM, OF, OGUNLADE, OH, OLUWASEYE, ON, ONE, OPEN, OT, Oasis, Oatts, Obed, Odari, Odgen, Odinaka, Of, Ofodil, Ogden, Ogie, Ogun, Ogunde, Ogunde, Ohana, Ohio, Oji, Okeke, Okia, Okon, Ola, Olawoyin, Oliver, Oliveros, Olivia, Olsen, Olu, Omega, Omnicare, Omodara, Omoifo, On, Onate, One, Ones, Opoggen, Optimal, Org, Organization, Organization, Orona, Orr, Ortiz, Osafo, Osborn, Osborne, Osmel, Ostendorf, Oty, Outreach, Over, Ovrutskiy, Owa, Owens, Oyibo, Oz, P, PCP, PA, PACALA, PACIFIC, PAMELA, PAMILYN, PARADISE, PARKVIEW, PARTNERS, PATRICK, PAU, PAULA, PAULI, PEPE, PEREZ, PERSONAL, PHAZES, PHC, PRAYER, PRECIOUS, PREFERRED, PREMIER, PRICE, PRIME, PRN, PROFESSIONAL, PURYEAR, Pacala, Pacific, Padam, Padilla, Palmer, Pam, Pamela, Parisia, Parker, Parks, Parmer, Partners, Pascua, Pat, Pataras, Patel, Patricia, Patrick, Patubo, Paul, Paula, Payne, Paz, Peake, Pearce, Pearls, Peggy, Pennell, Perez, Perkins, Permanente, Perry, Personal, Peter, Peters, Petersen, Peterson, Petrice, Petty, Peyman, Phil, Philippe, Phillipe, Phillips, Phoenix, Pia, Pine, Pistoresi, Platform, Platinum, Plus, Poarche, Poblete, Policy, Pong, Poole, Posey, Positive, Potts, Powell, Precious, Preferred, Premier, Prescott, Prestigious, Preston, Preventive, Price, Priester, Prime, Prisca, Priscilla, Prism, Pritish, PritishAhluwalia, Privott, ProMed, Professional, Promed, Propst, Providence, Provider, Providers, Provision, Puello, Punney, Purehearthomecare, Purnell, Purvis, QUALITY, QUINTANA, Quality, Quintana, Quiroz, R, RAJI, RCH, RECOVERY, REDA, REESE, REFUERZO, REGINA, REGISTRY, RELIABLE, REMEDIAL, RENEES, RESOUR, RESOURCE, RHODES, RICE, RIGHT, ROBERT, ROBYN, ROSEMARIE, ROSEMARY, ROSETTA, ROSHAWNDA, RUQAYYAH, RUSH, Rachael, Rachel, Rachelle, Rahmaan, Rahsjon, Rainbow, Ramatou, Ramerez, Ramona, Ramos, Ramsey, Ran, Ranirez, Rasha, Rashawna, Raspado, Ratcliff, Raul, Ray, Rayann, Raymond, Raymonda, Reaching, Real, Rebecca, Reese, Reeves, Refat, Refit, Refuerzo, Reg, Regina, Regional, Registry, Reid, Reliable, Renaissance, Rene, Renee, Renees, Requested, Residential, Resource, Resources, Respect, Respite, Responsive, Restoration, Reyes, Reynolds, Rhea, Rhina, Rhonda, Ricardo, Rich, Richard, Richards, Richardson, Richelle, Richmond, Rickabaugh, Rickie, Riddle, Rima, Rinehart, Ringle, Rivasalbagdidi, Riveria, Rizer, Rob, Robbin, Robel, Robert, Roberta, Roberts, Robin, Robinson, Rochelle, Rodgers, Rodney, Rodrigues, Rodriguez, Rodriquez, Roger, Rogers, Rogow, Roman, Romero, Ronda, Rondrice, Ronnisha, Rosa, Rosalie, Rosano, Rosemark, Rosemary, Roshawnda, Rosmery, Ross, Roudebush, Roy, Royal, Royster, Ruano, Ruben, Ruffin, Ruggiero, Ruggs, Rumbold, Ruqayyah, Ruriz, Rusick, Russell, Ruth, Ryan, S, SACHA, SALTERSGORDON, SAMANTHA, SAMUEL, SAPPHIRE, SAVVY, SCOTT, SECURE, SENIOR, SERV, SERVI, SERVICE, SERVICES, SHANTA, SHARP, SHERLESTINE, SHONDA, SIEANNA, SIERR, SIERRA, SMITHMASSEY, SOLUTIONS, SOUTHEASTERN, SPECIALISTS, SPEECH, SPIRIT, STAR, STARLITE, STEEL, STEELE, STEPHANIE, STEPHEN, STEPS, SUMMER, SUMMIT, SUPPORT, SUPREME, SUSAN, SVC, SVEDA, SYLVIA, SaadKolleh, Sadie, SafiyaLuAhn, SafiyaLuahn, Saghatelyan, Saidy, Saintsulne, Salamone, Salim, Salmon, Salter, Sam, Samantha, Sambrano, Samiyya, Sams, Samuel, Sanchez, Sanders, Sandra, Sandy, Santini, Santos, Saoia, Sara, Sarah, Saravia, Sarkisyan, SarmeBrown, Sarmiento, Sasha, Saundra, Savannah, Sayyora, Scarlett, Schleifer, Schlosser, Schmidt, Schofield, Schooffer, Schroeder, Schumacher, Schussler, Sconiers, Scott, Scottsdale, Seattle, Segar, Selective, Selena, Self, Sellars, Sels, Senior, Sequeira, Serina, Serv, Service, Services, Shadae, Shakeema, Shakeila, Shalanda, Shalonda, Shanita, Shanna, Shannon, Shantia, Sharifa, Sharon, Sharp, Sharron, Shatwan, Shauna, Shauntel, Shautel, Shauwnna, Shaw, Shawn, Shawnda, Sheikh, Sheila, Shelicia, Shelley, Shelly, Sheltered, Sheriolyn, Sherman, Sherri, Sherrill, Sherry, Shibakoti, Shirley, Shokrighadikolaei, Shon, Shonte, Shorts, Shukan, Shupe, Shyndona, Siana, Siebert, Sierra, Siham, Simao, Simmons, Simon, Simonson, Simpson, Sims, Sincerena, Sinchak, Sindjui, Sitaca, Situ, Skrybka, Skylar, Skyler, Slaughter, Sloan, Slonecker, Slowman, Small, Smart, Smith, Smithnap, Snow, Snyder, Sobolevsky, Solana, Solomon, Solutions, Solutions, Som, Son