Igbokwe, Ijeoma, Ikem, Ikome, Ilaria, Iman, Imoh, In, InHome, Inc, Inc, Independant, Independence, Indigenous, Infinity, Information, Ingram, Inman, Inna, Innovative, Innovive, Instead, Institute, Integrated, Intergenerational, Interim, International, Irihose, Irina, Irisi, Isabella, Ismaila, Isu, Izzo, J, JAK, JACQUELINE, JAE, JANICE, JASMINE, JAZMINE, JOHNSON, JONES, JOSEPH, JUBOORI, JULIE, JULITA, JUST, JUSTINA, JaVante, Jack, Jackie, Jackson, Jacob, Jacobs, Jacqueline, Jacquelyn, JacquesVarela, Jade, Jae, Jahvier, Jaime, Jakitha, Jalil, Jalloh, Jamaica, James, Jameson, Jamie, Jane, Janel, Janet, Janice, Janneh, Jaron, Jasmin, Jasmine, Jason, Javois, Jay, Jazmen, Jazmine, Jeanne, Jeannot, Jeff, Jeffery, Jeffrey, Jenkins, Jenner, Jennfer, Jennifer, Jensen, Jentel, Jermie, Jerusalm, Jesse, Jessica, Jesslee, Jeter, Jewell, Jhon, Jill, Jim, Jimarie, Jimenez, Jimmy, Jiron, Joan, Joann, Jocalyn, Jocelyn, Joe, Joel, Joerita, John, Johnson, Johnston, Jon, Jonathan, Jonathon, Jones, Joni, Jordan, Jorogers, Joseph, Josephine, Josh, Joy, Joyce, Juan, Juanita, Juarez, Julia, Julie, Julienne, Julita, Jumpstart, Junize, Jurgemeyer, Jurgita, K, KAMAAINA, KAREN, KARLA, KATHLEEN, KATHY, KEEPERS, KEISHA, KEITA, KELLY, KELVIN, KENYA, KERRY, KEY, KIDEST, KIMBERLY, KIRBYSWENSON, KITAW, KLEINSCHMIDT, KNYA, KORTH, KRISTINE, Kacee, Kailey, Kaiser, Kait, KajCarone, Kamaaina, Kamakea, Kamara, KanTime, Kandice, Karapetyan, Karen, Karentha, Karing, Karis, Karla, Karmen, Kasey, Kash, Kashindi, Kassandra, Kassaundra, Kastler, Kate, Katherine, Kathryn, Kathy, Katia, Katie, Kaupa, Kaye, Kayla, Kazan, Kazaryan, Kechia, Keepers, Keia, Keicia, Keishaun, Kelbis, Keller, Kelly, Kelvin, Kemah, Kemi, Kendrick, Kennedy, Kenneth, Kenny, Kenya, Kepner, Kevin, Keysha, Khadesjah, Khadka, Khaira, Kibret, Kidani, Kim, Kimberly, Kims, Kindra, King, Kinkead, Kinlecheenie, Kintz, Kinzer, Kiran, Kirishyan, Kirk, Kirstin, Kitila, Klarus, Kodera, Kolleh, Kortney, Kotalac, Koutoulakos, Kraker, Kreuz, Krista, Kristen, Kristi, Kristijan, Kristin, Kristina, Kristine, Kristy, Krogel, Krystle, Kubat, Kusche, Kuuleilani, Kuyateh, Kwarteng, Kylie, Kyte, L, L, LA, LANEACE, LAQUINA, LASHANNA, LASIK, LATONDRA, LAUREL, LBO, LC, LEAH, LEAVE, LEBRIYANA, LEGACY, LIANNE, LIBERTY, LIFE, LINDA, LIPSENCE, LISA, LITVIN, LIVING, LIYA, LInda, LL, LLC, LLC, LOCKLEAR, LOVE, LP, LTD, LTS, LUPE, LUTZ, LYNN, La, LaTosha, Lacey, Lacson, Lai, Lake, Lakeisha, Lakesha, Lakeshia, Lakeside, Lamar, Lamb, Lamont, Lander, LandryMurphy, Lane, Laneika, Laneye, Lanisha, Larbie, Larisa, Larry, Laster, Latarsha, Latasha, Latisa, Latoya, Latrenta, Latrish, Laura, Laurel, Lauren, Laurent, Lavon, Lawrence, Lawson, Laya, Leaf, Leaser, Lee, Lela, Lemlem, Lenisa, Lenora, Leon, Lesa, Lesley, Leslie, Lessier, Lewis, Lianne, Libby, Liberty, Life, Lifespan, Lilian, Liljana, Lillian, Lillyan, Limbo, Linda, Linderman, Lindsay, Lio, Lisa, Living, Lizette, Llanes, Lloyd, Locklear, Loecher, Lofinmakin, Loftis, Loibl, Loida, Longmire, Lopez, Lord, Loreal, Loretta, Lorita, Lorna, Lorraine, Lossio, Lotter, Love, Loved, Loving, Lozano, LuAnn, Luann, Lucas, Lucian, Lucibel, Lucy, Luisa, Lukes, Lumadue, Luna, Luz, Lynch, Lynette, Lynn, Lynnette, Lyons, M, MAHOE, MAIDELYN, MAINSL, MALAIKA, MANAGEMENT, MANY, MARCELA, MARIA, MARIEL, MARIETTA, MARILYN, MARIMOR, MARLYNE, MARQUITA, MARTIN, MARY, MASSEY, MAUI, MAXWELL, MCELVAIN, MCO, MD, MEADOWS, MEDICAL, MEGHAN, MEIVY, MENTORBakersfield, MERRITT, MICHAEL, MICHELLE, MITCHELL, MIUSSKA, MIles, MMASSY, MNJ, MONTGOMERY, MOORER, MOUNTAINEER, MOZELLA, MaVay, Macauley, Mackenzee, Mackerricher, Madison, Madu, Magar, Mahendra, Maidelyn, Maimo, Maina, Makeba, Malagueno, Manager, Manal, Mandeng, Mandy, Mano, Manos, Mansurova, Manual, Manuel, Manuelito, Manukyan, Manya, Mapleton, Marcela, Marcia, Marco, Marcus, Margaret, Margarita, Margaroli, Margo, Maria, Mariam, Marianne, Marie, Marietta, Marilyn, Marina, Marino, Marisa, Marissa, Mariyah, Marjelle, Mark, Markelle, Markeyta, Marla, Marlene, Marlin, Marlyne, Marquesha, Marquis, Marsh, Marshall, Marta, Marteney, Martha, Martin, Martinez, Martizez, Mary, Maryam, Maryana, Maryann, Marzieh, Massey, Matheny, Mathews, Mathyas, Matthews, Mattie, Maureen, Maxey, Maxilom, Maxim, Maximum, Maxmud, Maynard, Mayta, Mbeng, Mc, McBride, McClellan, McClintock, McCray, McDowell, McElroy, McGraw, McLellan, McNeill, McVay, Mcbride, Mccall, Mccloud, Mcdole, Mcelvain, Mcintosh, Mclennan, Mcnab, Medicaid, Medical, Medicall, Medina, Meetz, Meg, Meghan, Mehraban, Mehrazin, Meisha, Meivy, Mejia, Melanie, Melinda, Meline, Melissa, Mella, Melody, Melvin, Mena, Mensah, Mercedes, Mercer, Mercy, Merdez, Meredith, Merle, Meyer, Mia, Mica, Michael, Michelle, Michellewestwilliams, Midwest, Miguel, Mike, Mikea, Millenium, Miller, Mills, Mimi, Mims, Minor, Mipango, Miracle, Miracles, Miriam, Misocky, Misty, Mitchell, Miusska, Mizer, Mlynek, Mmassey, Mmassy, Moahamed, Mock, Mohamed, Molly, Mona, Monet, Monica, Monique, Monter, Montero, Montgomery, Moonlight, Moore, Mooris, Morag, Moreau, Moreno, MorenoOffice