ADMIN, ASSISTANT, Addus, Admin, Amanda, American, Caregiver, Client, HIUHC, Lynn, SOUTH, South, also, client, daughter, main, office, on, NonPayerSAM, A, Chris, ack, A, ATeam, AA, AAA, AAJ, ABDOURAHAMANE, ABI, ABLE, ACCENT, ACE, ADDIE, ADDUS, ADEJUWON, ADMIN, ADULT, ADVANTAGE, AG, AGE, AGENCY, AGING, AHCCCS, AIMEE, ALAINA, ALL, ALLIANCE, AMERICANS, AMERICARE, AMINA, AN, ANN, ANNA, ANNESSA, ANSWERED, APOLLO, ARC, ARMESHA, ASADUZZAMAN, ASSIST, ASSISTED, ASYA, AUTISM, AZ, Aaliyah, Aaron, Aba, Abbe, Abby, Abdirashid, Abdul, AbdulHaqq, Abdulkader, Abdulla, Abdullahi, Abednego, Abigail, Able, Abra, Abraham, Access, Account, Achamba, Acharya, ActiKare, Ada, Adal, Adam, Adams, Adamu, Addus, Adelle, Adeneye, Adeoti, Aderemi, Adisnubia, Adkins, Admire, Adolfo, Adoray, Adrian, Adrianna, Adult, Afee, Affrassa, Aga, Agaunda, Agbona, Agcaoili, Age, Agen, Agency, Aging, Agustin, Ahluwalia, Ahmed, Aichatou, Aikens, Ajashi, Akeico, Akela, Akers, Akilah, Akinsola, Akinyele, Akpa, Akwe, Alajandro, Alaljafar, Alan, Alando, Aldamen, Aleczae, Alemtsehay, Aleshia, Alex, Alexandra, Alexis, Alfa, Alfaro, Alfonso, Alhaji, Ali, Alicia, Align, Alilonu, Alisa, Alisson, Aliza, All, Allen, Alliance, Allied, Allison, Alma, Almareada, Alpha, Alt, Alvin, Always, Alyssa, Alyxe, Amabel, Amada, Amadi, Amador, Amadyss, Amaechi, Amahdi, Amams, Amanda, Amandat, Amaranto, Amare, Amazaspyan, Ambe, Amber, AmeriCare, America, American, Americare, Amie, Amina, Amlife, Amy, Ana, Anastacia, Anastasiya, Anderson, Anderson, Andi, Andre, Andrea, Andrews, Aneda, Aneisha, Anesia, Angel, Angela, Angelica, Angels, Ani, Anissa, Anita, Anjels, Ankota, Ann, Anna, Anne, Anneka, Annessa, Annette, Annie, Anrianna, AnswerCare, Anthony, Antoine, Antoinette, Antwan, Anzak, Aobawab, Apollo, April, Arakelyan, Arana, Arcadia, Arellano, Arhar, Arina, Arizona, Arjo, Arleda, Arms, Armstrong, Arroyo, Arvie, Arvita, Arzumanova, Ashley, Ashlynn, Ashtabula, Assisted, Assoc, Associates, Astghik, At, Athanasius, Atkinson, Attentive, Auaf, Audrea, Audrey, Augustine, Aurelio, Austin, AuthoraCare, Avana, Avenues, Avery, Avila, Ayuen, Azzad, BTrice, B, BAILEY, BARBARA, BARRIONUEVO, BARRY, BASIL, BATTLE, BECKY, BEHAVIORAL, BELEN, BENJAMIN, BERNADETTE, BEST, BLITZ, BLS, BLUE, BOND, BRANDON, BRENDA, BREW, BROOKS, BROWN, BUCKEYE, BY, BaToshia, Babalola, Babatunde, Bahja, Bailetti, Bailey, Baker, Bal, Balana, Balbag, Balbuena, Baldonado, Ball, Ballew, Baltazar, Baluena, Banasiak, Bangura, Baral, Barbara, Barbour, Barker, Barney, Baron, Barrett, Barriel, Barrientos, Barrionuevo, Barry, Bartholomew, Baumb, Baxter, Be, Beckley, Becky, Bedri, Beecher, Begay, BellJones, Bella, Bellow, Beloved, Belovs, Beltran, Benjamin, Bennett, Beram, Berberyan, Berhan, Berlinda, Bernadette, Berry, Besremo, Best, Beth, Bethany, Better, Betty, Beverly, Bevington, Bharat, Biana, Big, Bikila, Billie, Binimow, Bishnu, Bittle, Black, Blackstone, Blake, Blessing, Blessings, Blitz, Blondine, Blue, Bluegreen, Boatner, Bobbiette, Boddy, Bokmuller, Bolan, Bonds, Bongoyan, Bonilla, Bonner, Bonnick, Bost, Bostick, Bowers, Boyd, Boylan, Boyles, Braaksma, Brad, Bradley, Bradshaw, Brandie, Brandon, Braswell, Brathwaite, Braun, Braze, Bregar, Brenda, Bresler, Brian, Bridget, Bridgette, Brittany, Brooke, Brookins, Brounson, Brown, Browner, Bruce, Brunetti, Bryan, Bryce, Buchanan, Budhathoki, Buettner, Buma, Bumps, Burks, Burton, Bush, Busingye, Butler, Button, By, Byers, C, CA, CALLAHAN, CAMEJO, CAPITAL, CARDINAL, CARE, CAROLYN, CARRAL, CATHERINE, CCRICreative, CDS, CE, CECILE, CENTER, CHANCEY, CHARITY, CHINA, CHINEDU, CHINEIKA, CHOICE, CHOICESS, CHRISTI, CHRISTIANA, CITIZENS, CITY, CLARK, CLASHAE, CO, CODRESCU, COLLINS, COLORADO, COLUMBUS, COMFORT, COMFY, COMMUNITY, COMPANION, CONFIDENCE, CONSUMER, CONTINENTAL, COOPER, CORNELIUS, CORP, CORPORATION, COUNCIL, COUNTRY, COUNTY, CROSS, CRYSTAL, Cabias, Cacanindin, Cadavona, Cadogan, Cadwell, Cailey, Caleb, California, CallerAgency, Camacho, Camat, Camayo, Camejo, Canale, Candace, Candice, Candy, Cannady, Capital, Captal, Captoria, Caputo, Cara, Cardenas, Cardines, Care, Care, Careaga, Caregiver, Carillo, Carin, Caring, Carlin, Carlotta, Carmen, Carmichael, Carol, Carolina, Carolina, Caroline, Carolyn, Carolynn, Carpenter, Carral, Carrie, Carstarphen, Carter, Casas, Casciola, Cassandra, Cassiah, Cassidy, Castro, Catalina, Cate, Cater, Catherine, Cathie, Catholic, Cathy, Cathye, Catubay, Cawthray, Cecile, Cecillia, Celebrities, Celestina, Center, CentralReach, Cha, Chad, Chadwick, Chanel, Chantell, Chao, Chapel, Chapman, Charboneau, Charisse, Charlee, Charleene, Charles, Charming, Chedid, Cherie, Chernyavska, Cherrie, Cherry, Cherrylin, Cherul, Cheryl, Cheyoung, Chidiogo, Childress, China, Chino, Choice, Chris, Christensen, Christi, Christian, Christiana, Christin, Christina, Christine, Christopher, Chuan, Chung, Cindy, Cipiti, Claire, Claridge, Clarissa, Clarisse, Clark, Clarke, Clashae, Claudia, Clay, Clayborne, Client, Clinicians, Clive, Cloris, Cogsdell, Coleman, Collect, Collective, Colleen, Collins, Colorado, Columbus, Com, Comfort, Comfy, Comina, Community, Companion, Compass, Compassionate, Conchita, Connect, Connection, Connie, Constance, Consumer, Conti