Sona, Sonya, Sosa, Soto, Soul, Souls, Southeastern, Southern, Sowho, Spahr, Spangler, Spears, Spectrum, Speedy, Spencer, Spiral, Spirito, Sponseller, Spruill, St, Staci, Stacy, Staffing, Stanley, Star, State, Stauber, Steele, Stefan, Stella, StellaMaris, Stemple, Stencer, Stephanie, Stephen, Stephens, Steve, Steven, Stewart, Stone, Stonum, Storm, Stout, Strategic, Stratton, Strickland, Strop, Strothman, Struck, Stuart, Stubbs, Stumpf, Suberville, Sudgey, Sue, Sumaya, Summerville, Support, Supported, Surge, Susan, Susanna, Susie, Susz, Sutton, Suxanne, Suzette, Suzie, SuzieQ, Sveda, Swanson, Sweatt, Sweet, Swinney, Sylvia, Symn, Symns, Symone, Systems, Szivan, Szymanski, T, TAASE, TAMMI, TANA, TANESHA, TASHA, TAYLOR, TBS, TEDLLA, TEENA, TENANGNEWORK, TERESE, TERRI, THERAPY, THIGPEN, THOMPSON, TIIToward, TIMOTHY, TINESHA, TO, TOUCH, TOUCHING, TRACI, TRANSFORMATIVE, TRANSITION, TRANSITIONAL, TRENEA, TRIIsle, TRINITAS, TRIPI, TSP, TUMANUVAO, TaKea, Taase, Tabah, Taina, Taitano, Talena, Tamang, Tamara, Tamayo, Tameka, Tamera, Tamika, Tammy, Tana, Tangi, Tania, Tanja, Tanka, Tanya, Taquisha, Taquita, Tara, Tarawally, Taremba, Tarra, Tasha, Tasse, Tavares, Tawana, Taylor, Tcheupi, Teasley, Teena, Teffera, Tek, Telena, Tempiest, Tennyson, Teramae, Teresa, Tereza, Teri, Terri, Terry, Terwilligar, Tess, Tessema, Testman, The, Thecla, Thelma, Theophilus, Therapy, Theresa, Thiele, Thomas, ThomasHalli, Thomasson, Thompson, Throckmorton, Thrones, Tia, Tiana, Tiburcio, Tiechaye, Tierno, Tierra, Tiese, Tiffanee, Tiffany, Tigist, Tilley, Tim, Timothy, Tims, Tina, Tisha, Tkachenko, To, Todd, Tolentino, Tomarsha, Toney, Tonya, Torre, Tosha, Totten, Touch, Touched, Touching, Toya, Tracey, Tracy, Training, Transitiional, Transitional, Travis, Treesa, TriCities, Tricia, Trisha, Truneh, Tsygutkin, Tucci, Tucek, Tudorache, Tuesday, Tumbleson, Turentine, Turnage, Turner, Turquoise, Two, Tyler, Tyra, Tze, UC, UKWUIJE, UNIQUE, UNITED, UP, Udaya, Udi, Ulem, Ultimate, Uma, Unacare, Unique, United, Unity, Universal, Unknown, Unkown, Upchurch, Upscale, Ursula, Uyadi, Uyematsu, V, VALLEY, VARGAS, VEITIA, VICKI, VICTOR, VICTORY, VILLASFER, VISION, VIVIAN, Valdez, Valentine, Valenzuela, Valerie, Valerko, Vallejos, Valley, Valtierra, Vancamp, Vanderloo, Vandyke, Vang, Vargas, Varlee, Vaughn, Vega, Vegas, Veljanovska, Veljanovski, Vendetti, Vendor, Vergara, Vergera, Vermaaten, Verna, Vernon, Veronica, Verretta, Vick, Victor, Victoria, Victory, Vido, View, Vilansineekul, Villano, Villanueva, Villarreal, Villasfer, Vincenc, Vincent, Violet, Viona, Virginia, Vivian, Vivienne, Vladimir, Von, W, W, WADE, WAKE, WALSH, WANDA, WATSON, WELLSPRING, WHA, WIlliams, WIlson, WOODS, WRIGHT, Wahab, Waithaka, Walker, Wallace, Walsh, Walter, Walters, Waniewski, Ward, Warde, Ware, Warsame, Washington, Waters, Watson, Waweru, We, Webb, Webster, Weeks, Welch, Wellcare, Wellness, Welsh, Wendy, Weserve, Wesley, West, Wharry, Wheeler, White, Whitney, Wide, Wiley, William, Williams, Williams, Williander, WillisMcNair, Willy, Wilma, Wilsen, Wilson, Wimberly, Winston, Wise, Wittine, Wo, Woods, World, Worthy, Wow, Wright, Wrobel, Wulf, Wynn, Xeon, Y, YOUR, Yacqueline, Yadkin, Yamada, Yaniset, Yarber, Yarrell, Yasin, Yazell, Yazmin, Yazzie, Yeoman, Yesayan, Yolanda, Yonkwe, Youghbor, Young, Yourse, Youschak, Yovonie, Yreem, Yuan, Yumbouang, Yvette, Yvonne, Ywchari, Z, ZAVALA, Zaid, Zaynab, Zehe, Zeinab, Zenu, Zion, Zurnachyan, abdi, about, abraham, adams, admin, agency, aldamen, all, allen, always, and, angel, ann, annie, arati, are, arellano, arminka, as, ashley, asked, assis, assisting, at, attereury, back, behalf, behalf, biana, brigette, brunetti, bryant, business, by, byers, call, called, calling, care, caroline, castro, center, chambers, chat, chat, choice, christine, corporation, could, culligan, cummings, cynthia, dahabo, dba, deversified, devon, disconnected, doing, done, due, dunn, earlier, elliot, end, ended, faith, fix, flores, for, from, front, get, gogies, gold, graves, han, hands, having, health, healthcare, helpers, helping, her, hernandez, his, home, homecare, how, if, in, inc, initiatives, inman, jeanette, jim, karapetyan, keia, king, known, la, laptop, later, laudy, life, lin, llc, lo, loving, maria, marvin, mary, maynard, meghan, menrita, michaela, miller, mmassey, mondy, motherprovider, motino, na, nICHOLE, na, name, needing, nelsom, no, of, olaimatu, omoifo, on, or, out, parvina, peters, philiphs, phone, pia, provider, providers, queshara, reached, refit, reply, response, rodney, s, sarkissian, saying, scott, scottTerrance, senior, shabnam, she, silvia, simmons, sinterena, smith, soriano, staffing, stated, stating, strothman, tanaka, that, the, then, there, they, thomas, through, times, to, told, tracey, tria, troy, tumanuavo, tyra, unknown, valeen, vanessa, wake, walked, wallace, was, were, westmoreland, when, will, with, would, yolanda, you, zarzofo