Continental, Contisha, Contreras, Cooper, CopelandHarper, Cora, Corbin, Cordle, Coreene, Cornelius, Corp, Corpman, Corporation, Corpuz, Cory, Costilla, Council, Country, County, Covella, Covelli, Coviello, Cox, Coy, Cozad, Cozy, Craft, Craven, Creek, Creola, Crissy, Crosby, Cross, Crowe, Crozier, Cruz, Crystal, Cullinan, Culver, Cunningham, Curry, Curtis, Cutlip, Cutway, Cymbre, Cynethia, Cynthia, D, DBA, DANCY, DAVID, DAVIDSON, DAWN, DAY, DBA, DCW, DE, DEDICATED, DEEDZ, DEVELOPMENTAL, DEVON, DHCFP, DIAMOND, DIFILIPPOARTHURS, DIMINGA, DIRECTED, DIRECTION, DISABILITY, DISCOVER, DIVINE, DIane, DOROTHY, DORRINNA, DUDDING, DYE, DaZhane, Dadmehr, Dailene, Daimaris, Daisy, Dakota, Dale, Damon, Dan, Dana, Danford, Daniel, Danielle, Danita, Danna, Darby, Darcy, Darla, Darlene, Darryl, Datse, Davestel, David, Davidson, Davis, Dawn, Daxa, Day, Dayleen, De, DeLevi, DeGreen, DeVlugtMyers, Dean, DeanWilson, Deana, Deanna, Deanne, Deborah, Debra, Declare, Dedicated, Dee, Degreen, Dehine, Deidra, Deidre, Deirdre, Delaware, Deleon, Delgado, Dembele, Denesto, Denise, Deotis, Dependable, Depew, Desaeray, Design, Desk, Dessie, Devan, Devine, Devita, Devon, Devorah, Dexter, Dezlarae, Dhillon, Diamond, Diamonds, Diana, Diane, Dianna, Dickerson, Dickey, Dickson, Diego, Diggs, Dimitriy, Dina, Dinez, Dinkins, Dionna, Dionson, Direct, Director, Divine, Division, Divito, Do, Dolan, Dominique, Dominque, Don, Doniesha, Donna, Donnetta, Donofrio, Dora, Dorothy, Dorsey, Dotson, Dotts, DoueGuys, Douga, Douglas, Dr, Drake, Drees, Dryer, Dudoit, Dukes, Dulo, Dumoulin, Duncan, Dunn, Dupree, Duran, Durga, Durig, Dye, Dynamic, Dzamesi, E, EBE, EBONY, ELITE, ELSUBE, ENCOURAGING, ERIC, EVERGREEN, EVV, Eanes, Earles, Eason, Easterseals, Ebonie, Ebony, Ed, Edan, Eddy, Edelyn, Education, Edwards, Edwins, Efuntoye, Eileen, Eisenmann, Ekaterima, Ekateryna, Elaine, Elam, Elda, Elham, Elhindi, Elia, Elisa, Elite, Elizabeth, Elliott, Ellis, Elma, Elmassian, Elodia, Eloise, Elsheias, Elsie, Emanuel, Emilienne, Emily, Emma, Emmanuel, Empowering, EmproJob, Endalk, Endredy, Engelhardt, Enginuit, Engleman, Enhance, Enterprise, Eowyn, Eric, Erica, Ericka, Erik, Erika, Erin, Erlanda, Erlinda, Ernanda, Ervin, Esa, Escobar, Espinoza, Esther, Estrada, Eucharia, Eugene, Eun, Evalyn, Evan, Evans, Evelyn, Evonna, Excellence, Ezenwa, FAINA, FAITH, FAMILY, FEDERICO, FERNANDEZ, FIRST, FISHER, FMS, FOREMAN, FOREVER, FOSTER, FRANCIA, FSSA, FUGATE, Fabu, Fahria, Faith, Fajardo, Family, Farah, Farias, Farnand, Fatai, Fatima, Fatma, Fausett, Fax, Fear, Fears, Feel, Felicia, Felix, FeltonHuzzie, Fernando, Ferreira, Fields, Financing, Finnell, First, Fiscal, Flake, Flood, Flory, Flynn, Folajomi, Fortaleza, Fortitude, Fortkamp, Foster, Foundation, Fox, Fracia, Frame, Francene, Frances, Francis, Franco, Franklin, Freeman, Fremont, French, Freudenthal, Friesen, Frink, Frye, Frymier, Funches, Funmi, Fyffe, G, GALLIA, GAMBLE, GARB, GENERATIONS, GINGER, GLENN, GLOBAL, GLORIA, GMYND, GOLD, GOLDEN, GOOD, GRAHAM, GRAND, GRATEFUL, GROUP, Gabler, Gabriela, Gail, Gaither, Gakoye, Galindo, Galletti, Gallia, Gamache, Gamble, Ganiyat, Ganoha, Garcia, Gardner, Garland, Garvey, Garvin, Gast, Gavrilov, Geanetta, Gebre, Gehlhausen, Genalyn, Generations, Geneva, George, Ghadah, Gift, Gilbert, Gilliland, Ginger, Giovanni, Givens, Gladys, Glen, Glenda, Global, Gloria, Goddard, Godson, Going, Goins, Gold, Goldwyn, Gomez, Gonzalez, Good, Gooden, Goodhearts, Gordan, Gordon, Grace, Gracious, Graham, Graham, Grant, Graves, Gray, Green, Greenlee, Greenthaner, Greenwood, Gregory, Greta, Gretchen, Grieser, Groll, Group, Grzybowski, Guardian, Guardians, Guckenberger, Gueco, Guerra, Guerreo, Guerrero, Guia, Guillem, Guinyard, Guled, Gurzhiev, Gustavo, Guy, Gwendolyn, Gwenetta, HOPE, HAGGINS, HAMRIC, HAND, HANDS, HAPPY, HARMONY, HARPER, HCMS, HEALING, HEALTH, HEALTHDD, HEALTHCA, HEALTHCARE, HEART, HEARTS, HELP, HELPING, HI, HIAM, HILLIARD, HOLLY, HOME, HOMECARE, HOMEHEALTH, HOMES, HOPE, HORIZON, HOSPICE, HUMPHREY, HUMPHRYS, HUNT, Haeaii, Hager, Haidee, Haimanot, Hakobyan, Hall, Hamilton, Hammonds, Hampton, Han, Hand, Hands, Hang, Hanna, Hannah, Happen, Haris, Harlock, Harmony, Harpreet, Harris, Harrison, Harvey, Hassan, Haven, HawaiiHCHL, Hawkins, Hawo, Hayes, Hayle, Haytaian, Health, Healthcare, Healthcare, Healthpro, Healthstars, Heart, HeartenJohnson, Hearts, Heath, Heather, Heavener, Heavenly, Hector, Hedwig, Hee, Heed, Heiden, Heidtke, Helen, Hello, Help, Helpers, Helping, Henry, Hernandez, Herrera, Hicks, Highsmith, Hightower, Hilary, Hilbert, Hill, Hillbert, Hilligan, Hilson, Hing, Hinton, Hocker, Hoda, Hogan, Holdings, Hollaman, Holley, Holli, Hollie, Holly, Holmes, Holtzman, Holzer, Home, HomeHealth, Homecare, Hooks, Hope, Hopehealth, Horacio, Horizon, Horn, Horne, Hospital, Howard, Howell, Hoye, Hratch, Hsu, Huang, Hubbard, Hudgins, Huerta, Humanity, Humphrey, Humphries, Hunt, Hunter, Hurt, Hussein, Hutton, Hyman, I, INHOME, II, ILIFE, IMAN, IN, INC, INC, INC, INCORPORATE, INDUSTRIES, INNOVATIVE, IRINA, ISU, IT, Ian, Ibarra, Ibrasim, Ideal, Igboamazu